{
  "academic_background_tier": 0.6956475973129272,
  "essential_vs_lifestyle_ratio": 0.08316829800605774,
  "vendor_payment_discipline": 0.030594192445278168,
  "utility_payment_consistency": 0.018297361209988594,
  "avg_invoice_payment_delay": 0.011949160136282444,
  "gst_filing_consistency_score": 0.009840860031545162,
  "round_number_spike_ratio": 0.00955390278249979,
  "business_vintage_months": 0.009484776295721531,
  "emergency_buffer_months": 0.009318663738667965,
  "min_balance_violation_count": 0.008943203836679459,
  "eod_balance_volatility": 0.008405419066548347,
  "customer_concentration_ratio": 0.0083860969170928,
  "telecom_recharge_drop_ratio": 0.007879686541855335,
  "revenue_seasonality_index": 0.007137305103242397,
  "cash_withdrawal_dependency": 0.006864227820187807,
  "operating_cashflow_ratio": 0.006819433532655239,
  "repeat_customer_revenue_pct": 0.0068116760812699795,
  "gst_to_bank_variance": 0.006363001186400652,
  "cashflow_volatility": 0.0062699224799871445,
  "rent_wallet_share": 0.006008168216794729,
  "telecom_number_vintage_days": 0.005919723771512508,
  "benford_anomaly_score": 0.005887147970497608,
  "avg_utility_dpd": 0.005673071835190058,
  "subscription_commitment_ratio": 0.005611084401607513,
  "revenue_growth_trend": 0.0053115952759981155,
  "identity_device_mismatch": 0.004314585588872433,
  "bounced_transaction_count": 0.0038588722236454487,
  "purpose_of_loan_encoded": 0.002988711465150118,
  "p2p_circular_loop_flag": 0.0026922919787466526,
  "operating_cashflow_survival_flag": 0.0,
  "turnover_inflation_spike": 0.0
}